"ID";"Distance_traveled1";"ComeDown1";"hang1";"jump1";"immobile1";"rearup1";"digforage1";"walk1";"Groom1";"Twitch1";"Unknown1";"Awaken1";"Chew1";"Sniffing1";"RemainLow1";"Eat1";"Drink1";"Stretch1";"Distance_traveled2";"ComeDown2";"hang2";"jump2";"immobile2";"rearup2";"digforage2";"walk2";"Groom2";"Twitch2";"Unknown2";"Awaken2";"Chew2";"Sniffing2";"RemainLow2";"Eat2";"Drink2";"Stretch2";"Distance_traveled3";"ComeDown3";"hang3";"jump3";"immobile3";"rearup3";"digforage3";"walk3";"Groom3";"Twitch3";"Unknown3";"Awaken3";"Chew3";"Sniffing3";"RemainLow3";"Eat3";"Drink3";"Stretch3";"Distance_traveled4";"ComeDown4";"hang4";"jump4";"immobile4";"rearup4";"digforage4";"walk4";"Groom4";"Twitch4";"Unknown4";"Awaken4";"Chew4";"Sniffing4";"RemainLow4";"Eat4";"Drink4";"Stretch4";"Distance_traveled5";"ComeDown5";"hang5";"jump5";"immobile5";"rearup5";"digforage5";"walk5";"Groom5";"Twitch5";"Unknown5";"Awaken5";"Chew5";"Sniffing5";"RemainLow5";"Eat5";"Drink5";"Stretch5";"Distance_traveled6";"ComeDown6";"hang6";"jump6";"immobile6";"rearup6";"digforage6";"walk6";"Groom6";"Twitch6";"Unknown6";"Awaken6";"Chew6";"Sniffing6";"RemainLow6";"Eat6";"Drink6";"Stretch6";"Distance_traveled7";"ComeDown7";"hang7";"jump7";"immobile7";"rearup7";"digforage7";"walk7";"Groom7";"Twitch7";"Unknown7";"Awaken7";"Chew7";"Sniffing7";"RemainLow7";"Eat7";"Drink7";"Stretch7";"Distance_traveled8";"ComeDown8";"hang8";"jump8";"immobile8";"rearup8";"digforage8";"walk8";"Groom8";"Twitch8";"Unknown8";"Awaken8";"Chew8";"Sniffing8";"RemainLow8";"Eat8";"Drink8";"Stretch8";"Distance_traveled9";"ComeDown9";"hang9";"jump9";"immobile9";"rearup9";"digforage9";"walk9";"Groom9";"Twitch9";"Unknown9";"Awaken9";"Chew9";"Sniffing9";"RemainLow9";"Eat9";"Drink9";"Stretch9"
"100";NA;0.0274945882120897;0.0764541568211834;0.0144337567297406;0.817776820759447;0.0464834840100684;0.0138013111868471;0.168192420983202;0.203890727036392;0.129961074758487;0.0902377811277358;0.0565632810390695;0.00422577127364258;0.0362694939374151;0.30960324072378;0.0260494036125864;0;0.329438555583225;NA;0.0495142052817051;0.114085717984353;0.0184965687660982;0.617424474526579;0.074740931868366;0.0112744363110166;0.224361463404452;0.444976467686924;0.12847469449832;0.299560191474819;0.0509012752709158;0.0130531756878365;0.0599639287560394;0.471323715321801;0.0516659578131923;0;0.103828016114912;NA;0.0398143841492643;0.163185874479471;0;0.595053685719943;0.0607971734235753;0.0167774098561572;0.184591641398179;0.553212838285993;0.0713883484631512;0.213784245686402;0.0410960933531265;0.00666666666666667;0.0401847584889447;0.411303258399894;0.0371184290855335;0;0.206505313356447;NA;0.0321338054645584;0.165504721580676;0.0128613192882607;0.749841531573738;0.0670789258191869;0.0147380355167811;0.172019310761478;0.31122953945962;0.150365747357166;0.193973531684485;0.0546883018499515;0.0183259269614798;0.0533113989983183;0.359968438234028;0.0520747486659471;0;0.25482150943522;NA;0.0138186386402332;0;0;0.876271987635636;0.016973720943861;0.0101908094043068;0.132151377592763;0.143898810529107;0.14114867365194;0.0710297552484398;0.0647117044290849;0;0.02157919464533;0.239611634407396;0;0;0.300763963057473;NA;0.0171860015649083;0;0;0.932959539374406;0.0225017580185205;0;0.057552031127666;0.191804665052404;0.201188452076517;0.0625411257099142;0.0384839272713668;0;0.0143788405253108;0.144578537779637;0;0;0.132486763927699;NA;0.0370947951504307;0.121245296572396;0.0132186680271881;0.740854054927425;0.0611343096983061;0.0120600796009041;0.180362559217361;0.35967843667764;0.14480153910946;0.221663648116917;0.0524173639615357;0.0128569655698162;0.0486399794907927;0.377456708301557;0.0433345743182938;0;0.203900900111475;NA;0.0421973299772675;0.0954025934990014;0.0154674981434609;0.722572891772415;0.0634023513446337;0.00942809041582063;0.189350014248695;0.388866328288521;0.162748264617273;0.261611662466592;0.0512630079207948;0.0109155364581963;0.050603917844195;0.400872570734021;0.0432049379893857;0;0.107663779246793;NA;0.0286706552504806;0.135950957952123;0.00956762919603035;0.77835132849418;0.0550542958995473;0.0135647962965466;0.160575709506723;0.314027128522344;0.142145244231728;0.172927260034561;0.0551130473563593;0.0138347689600344;0.0436223866994829;0.332529775779456;0.0408983720669342;0;0.257530144472577
"101";NA;0.0975442512523468;0.33710956252064;0.0372811071775095;0.533435630070369;0.165687600478675;0.0184197099403252;0.313989308280212;0.427363874177943;0.0395284707521047;0.102251440786217;0.022294030804765;0.04551294949164;0.09102589898328;0.496031873015857;0.0713183673664051;0.015526475085203;0.0869112848171711;NA;0.0868296835154542;0.190261206238494;0.0372632820421415;0.674108964206007;0.146983129657932;0.00449466574975495;0.229339558289958;0.398892405938182;0;0.0760028353183681;0;0.0360134654951408;0.100597541321174;0.483199215108511;0.0788639881031172;0.0130267789455786;0.100080775457435;NA;0.12713364213678;0.706137118150313;0.0445554170128076;0.126637423524948;0.23094010767585;0.00769800358919501;0.348159180282259;0.319107551821685;0;0.116237305161085;0;0.0371184290855335;0.135455336359068;0.379805018202566;0.0904720132703213;0;0.0712325352214427;NA;0.123076682089604;0.461863936391821;0.0522509208546484;0.374239412468291;0.216746659611627;0.0125323307869706;0.342741904888723;0.432526721809607;0;0.134741932861222;0;0.0404857721225729;0.140580013457791;0.470340000379043;0.0791137205881292;0;0.0938100963050098;NA;0.103538727086536;0.400037686666855;0.0399748664756837;0.383879517670717;0.177087927322418;0.0193703221510254;0.333686579994374;0.461579111726159;0.0824255412432714;0.102449072203265;0.0237237027116713;0.0505248831675589;0.102449072203265;0.527714328079408;0.0889356381811783;0.0138186386402332;0.0816906777678509;NA;0.0411337224471949;0.212489761480823;0.0169387080742195;0.840157710732309;0.0687133101177768;0.00410824015008881;0.144461753804376;0.320824360113434;0.140748451438296;0.0443899102839947;0.0188263214608387;0.0243913244589292;0.0518843244377612;0.300674347577473;0.0318222913670292;0;0.0403570561751271;NA;0.100760429675304;0.373196115692912;0.0415200642737778;0.56240014947444;0.175304302608382;0.0107466025869728;0.285375033143251;0.405567205730829;0.0577264411464534;0.101143401210491;0.0111761828544913;0.0387730025263335;0.112803631287838;0.462166119144679;0.0773956506595565;0.00952398654464622;0.0884031544683245;NA;0.0751196433216515;0.165731289091231;0.0321913726058199;0.744484639090884;0.127303164889964;0.0038096965887973;0.199951614853532;0.367753151259439;0.0745961551089544;0.0653226890216253;0.00906889184111991;0.03250544221488;0.0870691410138194;0.433983361217059;0.067965101036323;0.0110415497113869;0.0862821285594917;NA;0.117289467696581;0.495567966883658;0.0474500004506289;0.352408003359994;0.206117714550454;0.0141976015894333;0.341105867920668;0.424426403058881;0.0433032720509548;0.123652234809446;0.0124635390569951;0.0423642483977039;0.129788761127555;0.47320725271512;0.0825058313410056;0.00725979179979851;0.0872606693221002
"103";NA;0.0431635869465831;0.163545173605105;0.0185003217475239;0.534937134713265;0.125415974527437;0;0.140566456067686;0.11132321026119;0.0939699800088153;0.763571651298466;0.0582226841736187;0.029277002188456;0.0587062907313055;0.181814596826128;0.0447546220012659;0;0.0479645206177987;NA;0.103434090662175;0.35882524375461;0.0397387300585545;0.554672075294143;0.174737898961082;0.005;0.317872703382275;0.33853237166727;0.0730106537126984;0.151368755032206;0.0325106820052186;0.0541346058963724;0.129967944765879;0.480143207803672;0.123530248207563;0;0.0988475256813914;NA;0.0136082763487954;0.0226077666104176;0.0237268405600696;0.4263106153273;0.0363114103074849;0;0.0413655788199695;0;0.0824621125123532;0.890052016790363;0.0467459643732503;0;0.0165551826952793;0.0878129324821299;0.0133333333333333;0;0.0680413817439772;NA;0.013495257374191;0.036765644491434;0.0135570208885198;0.509888844013861;0.0726626887232912;0;0.0427539833356026;0.0964620598429223;0.0703731550548997;0.824037374143286;0.0711171154524401;0.00316623793430652;0.0452598549435049;0.0979830002475452;0.0206817795821195;0;0.143852007866016;NA;0.00708881205008336;0.13296011416887;0.0325879816713729;0.414494505563558;0.121547806836379;0;0.0230794999205554;0.0522844942761096;0.102350925217105;0.839360448883004;0.0735097618832173;0.122193793963041;0.0588840953349636;0.0470218595589531;0.220559665769048;0;0.038610714441483;NA;0.0405656211619293;0.209197784596704;0.0177892016741205;0.798785998706761;0.0756407230752177;0.00616236022513321;0.111036543192098;0.323789534184256;0.175804360002193;0.311732602064451;0.0142313613392964;0.0414911916837993;0.0483045891539648;0.231642456920361;0.0751370056646734;0;0.0405135805745489;NA;0.0642988012298752;0.234024397331487;0.0295751029886961;0.550395164488871;0.125012280098551;0.00367883603690979;0.196690665882021;0.238780317656734;0.0954398864721902;0.620106305059007;0.0536581586991901;0.0609243748316021;0.0867832260336178;0.305469768469192;0.118896344990628;0;0.102649121307799;NA;0.0878626658665749;0.312861376995587;0.033715755022721;0.664264189596464;0.149055271239029;0.00506369683541833;0.270678511522784;0.334689548712077;0.119129479384825;0.133901921556008;0.0300363818646249;0.0489005425116095;0.109899375542081;0.421969109917535;0.108135365907385;0;0.0834443704689715;NA;0.0119716107399052;0.0758066499314713;0.0229977184339425;0.462893071212771;0.0855214350768577;0;0.0416377615874565;0.0768364318735622;0.0805035010710539;0.843591599572973;0.0675507719875688;0.0672214548671193;0.0463658490229306;0.086130136246593;0.12120904253645;0;0.113144440230452
"104";NA;0.0681821789312246;0.217411722643599;0.0247005880014838;0.641835166497116;0.139012246805469;0.02396674283053;0.212664502153487;0.337647674923066;0.0811010539535767;0.317907968114164;0.0293277862720501;0.0195940953204931;0.0943019466546536;0.466684736044734;0.0563524199843737;0;0.132501123085986;NA;0.0594944324427362;0.110614325212044;0.0261781602584603;0.736870439027225;0.0960497209896812;0;0.147618035814298;0.441721365196498;0.104030549789094;0.125365732424245;0.0335124925813539;0.015858657130666;0.0662461789154027;0.416392324853544;0.0626855197359343;0;0.0691070312616144;NA;0.0524933858267454;0.132804506840081;0.025962936545662;0.789866374071519;0.0881076782293289;0.0222777085064038;0.184611704616694;0.262325779927964;0.115437974366869;0.177346699579811;0.0127656947700845;0.0249443825784929;0.0342106762629792;0.417150829814367;0.0697614984548545;0;0.126021750033403;NA;0.0804436320964075;0.183063141067165;0.0246275514561805;0.735231082855128;0.149166439142376;0.0180965571343546;0.196174780986423;0.241528134176947;0.0749157142657213;0.285824957679956;0.0258198889747161;0.0244231699021682;0.0841885936350383;0.431281047215794;0.0483650833406674;0;0.124151253858294;NA;0.0469505602615956;0.14885380054385;0.0128122638067047;0.736245170730366;0.0933105978530402;0.0183032340095782;0.208961698942152;0.28913896318812;0.0575315804325648;0.215403481788246;0.028414260227122;0.0118618513558356;0.0795085406745779;0.460612802800631;0.0295697794935384;0;0.162898782685246;NA;0.0495975363482335;0.0756686090570223;0.0189380513524897;0.665233692005225;0.0999577970017077;0.00941316073041935;0.148820963996658;0.499104683640684;0.173703758682968;0.243367721979037;0.0417446527564343;0.0181414972935156;0.0569254453571856;0.393373379925174;0.0546565803188591;0;0.119545552993436;NA;0.0634014074396958;0.139796475375849;0.0233299846033786;0.732888858864237;0.113845376718372;0.0137655100599097;0.175325997863324;0.368262235061531;0.102834249172453;0.214038511906909;0.0307725994094424;0.019237885149322;0.0714759280468287;0.424465818631813;0.0543176500398123;0;0.113847543942684;NA;0.0559854497161105;0.101027255554737;0.0234867322382351;0.73969870390593;0.0948857224772674;0.00444994159489985;0.141711103217448;0.439735465462022;0.132836178277274;0.155611673494838;0.035665690654511;0.0172345496886428;0.0625107251523761;0.401227489524129;0.0614610727260091;0;0.0654725685852654;NA;0.0684279590196103;0.169691460784428;0.0224071516223731;0.737164790177846;0.126979927500293;0.0186953085854927;0.19843120271241;0.26684055818999;0.0793174768630617;0.262744503394077;0.026051621999102;0.0211329586605277;0.0775610656768123;0.435836859289038;0.0462959983552338;0;0.142418188306867
"105";NA;0.044854261357253;0.0726824469541174;0.00645497224367903;0.9176412568049;0.0849194296012963;0.00487950036474267;0.115508709216067;0.0718173940994666;0.165911981828576;0.0435411682587104;0.027548658250967;0.0119522860933439;0.0624404478187779;0.295431484281486;0.0375594766432426;0;0.0427826733953962;NA;0.0887782078719065;0.1727550617992;0.0137944225858755;0.685812890923819;0.153815954864004;0.00839795305034477;0.223228592831098;0.321341168190319;0;0.115981736236297;0;0.0438499831769344;0.109489834925877;0.497696623933079;0.0962849507962364;0;0.174883289662925;NA;0.0176383420737639;0;0;0.886867145255327;0.0270801280154532;0;0.0678232998312527;0.214683229174728;0.185652004208591;0.074436152108641;0.0416333199893227;0;0.0349602949390051;0.297184317416849;0;0;0.172991115164698;NA;0.0129905820264837;0;0;0.941380454208383;0.0176288667348724;0;0.051946248164932;0.0968682540702399;0.220805845454327;0.0332077836091266;0.041059485750456;0;0.026300747580787;0.211704306640872;0;0;0.0643715198262803;NA;0.0100250941423417;0;0;0.963141495855373;0.0199664710577298;0;0.0251627865934147;0.0948948108466851;0.221279967734549;0.0263337679925114;0.0240741456569538;0;0.0111334226016742;0.0997148362893627;0;0;0.0435062905788692;NA;0.0236892683424194;0.0268611054750502;0.00821648030017761;0.771952972923262;0.0500632511321833;0.00503154605426628;0.0818045421866223;0.400126562255975;0.188900884867693;0.0451906416509769;0.0035578403348241;0.00503154605426628;0.0341256056653258;0.422355260704452;0.0222187057695976;0;0.105482616001316;NA;0.0554416135604568;0.105657855985526;0.00885778751742911;0.834771421367196;0.0962612203911661;0.00539576096284133;0.143172609984213;0.253793328400467;0.168148360701238;0.077685492699528;0.0264617092746295;0.0267584160592974;0.0698982376879247;0.36579309615299;0.0591242945895181;0;0.127074932579197;NA;0.0775326732239771;0.152977674149882;0.012772258953457;0.690196727655654;0.136567333181184;0.00794844301395331;0.198207431145841;0.38455690992768;0.0893002816970584;0.102909123017294;0.00168191982983816;0.0373699221256801;0.096271853021074;0.477440133024391;0.0838658141083066;0;0.151487983505719;NA;0.0137341511231495;0.00471077497150708;0;0.930398430254415;0.020913046758762;0;0.0505082810437959;0.141552059921619;0.213867367871356;0.0436859299038863;0.0362479772898458;0;0.0247782584071247;0.225841007984945;0;0;0.102208619703759
"106";NA;0.0703520060972305;0.0471825229951777;0.0225594452819339;0.917131916564325;0.106793079854277;0;0.138207056535441;0.178469018253002;0.061431339915466;0.107113091103349;0.0373608529524332;0.0460007763909635;0.082194600680047;0.229433826957537;0.0888417533756349;0.00668153104781061;0.0502671434864337;NA;0.0866006349110484;0.141370005828163;0.027286525162533;0.689734248340137;0.142031465857849;0.00538914689820467;0.224496503019505;0.422811585654528;0.128139775168361;0.196272189260801;0.0490705695104429;0.0359867962584959;0.0943415604757697;0.403625484023414;0.0897962490120476;0.00444994159489985;0.089656476778774;NA;0.0588154678571824;0.237533623350932;0.0258198889747161;0.625134059696472;0.133277766198879;0.0105409255338946;0.246531494494675;0.299369708257569;0;0.43149181357841;0.0165551826952793;0.125048138878742;0.0710242525088751;0.370764974972915;0.108046629165718;0;0.151828363133678;NA;0.0852731617428214;0.324977989101058;0.0153489078579252;0.843766271231457;0.156827358532541;0.00592348877759092;0.121237010431686;0.113109021716443;0.0517528991757893;0.175909143405056;0.0467846699966996;0.0668168733910659;0.0625148269797983;0.227201933228623;0.133352129001025;0;0.0931397921704102;NA;0.0555767687026737;0.156970908122015;0.0187552337753985;0.914683861322673;0.0935257647748305;0.00409272754535029;0.102039503632209;0.109941357902995;0.0776756128879646;0.198123525416047;0.0378217630755634;0.0371063932781206;0.0720599043556498;0.190670157281421;0.0668506673511427;0;0.0983617907322091;NA;0.0840935785765233;0.226326376483129;0.0168136974500235;0.580542449666671;0.132135973950376;0.00821648030017761;0.214996810887936;0.507022415636435;0.0694766451364002;0.210023105017877;0.0249894492504269;0.0528910990094778;0.100903095092054;0.443223710313388;0.0918860053255312;0;0.127040310556646;NA;0.0802946602977105;0.227785747718045;0.0218121240984819;0.760215868869937;0.138805304902683;0.00623445175487683;0.184581571950092;0.328781716301515;0.0915628955289116;0.216210229796452;0.0430680687817028;0.058002841682942;0.0821752245368108;0.336657471894705;0.103236672641585;0.00271662912462081;0.101903168952484;NA;0.0862978447451779;0.166913610160181;0.0242314826405207;0.661387865057998;0.138968559524802;0.00499041226346952;0.222692510028938;0.453238664895573;0.115266640739778;0.182267013932352;0.0420157788276986;0.0423450522289897;0.0932029055834388;0.420071148872358;0.0911505848515189;0.00379049021789452;0.0930537684965935;NA;0.0764926969460755;0.280401600905035;0.0196360787699348;0.826603430686533;0.140848101521694;0.00738605851446515;0.147081328674199;0.149296392630631;0.056936752672598;0.249987517025383;0.0423642483977039;0.0775193293122006;0.0734903543162721;0.248110753310816;0.11759651901843;0;0.114980550728242
"107";NA;0.0502375310282017;0.199075243013672;0.0178452341243364;0.686530701980549;0.081302638626425;0.0249404051595761;0.159285981208403;0.237202194240232;0.0915800456535416;0.473408989594168;0.0311008344705075;0.0340255506235843;0.0541712452277388;0.236787779205246;0.183257560098713;0;0.242733687108203;NA;0.0505807853001924;0.44804525938285;0.0187391332646831;0.58805603558683;0.0973307111179851;0.0192259450664036;0.197639535869253;0.334293007975815;0.0940542642332715;0.279620204466477;0.0370709782139961;0.0167292554167446;0.0630574152956048;0.324109340634405;0.0401811081497912;0;0.288675134594813;NA;0.075375602693985;0.494218425245207;0.0370185138865726;0.269512591611296;0.116777724918055;0.0334442598739831;0.362317642510096;0.388930156540563;0.0908397041598653;0.303131801183724;0.0555777733351102;0.0144016459964619;0.0679869268479038;0.421698505605165;0.0657154359227611;0;0.113431330181157;NA;0.0597404578636991;0.342339486684917;0.0274508750866749;0.469719694582521;0.0898527524684064;0.0384972522319042;0.266149247393363;0.3961911389044;0.0966524058273454;0.419079230978974;0.0435093782801956;0.0276630882125799;0.0734403411571133;0.364250411905188;0.0582822905935019;0;0.232066017743828;NA;0.0484603828938418;0.23654407375259;0.0115759816034647;0.817759327833047;0.0734641744296029;0.0297955062770354;0.181303672813168;0.232357375068543;0.0888225604009528;0.184735765845652;0.0317021312474121;0.0363769581201762;0.0476587534868422;0.224720187075087;0.197327198963007;0;0.184663213750229;NA;0.0337526370277807;0.203637802066266;0.0175504096145113;0.928385013977076;0.0945118482068613;0.0187139245072789;0.136656889636901;0.0739483227015985;0.0415927614604654;0.115030724202487;0.0281646754845086;0.0071156806696482;0.0642713131012874;0.153111194805225;0.0256559515142445;0;0.10556258767012;NA;0.053804804149532;0.372293843659898;0.0225005124992883;0.631420429601062;0.0933956916969529;0.0288611214204039;0.22634373928802;0.32786311006606;0.0891975984100224;0.305818121188448;0.0389214998276208;0.0233166343337619;0.0650026018970205;0.317107157865438;0.0876591857213402;0;0.232547261394943;NA;0.044871037002568;0.385256296240702;0.0171761217126604;0.709320137505812;0.0934287279323931;0.0172317981040976;0.173155302028814;0.288190284094977;0.0854277046414482;0.240943229510072;0.0629495327874713;0.0146478458134014;0.0626826832063399;0.283856852381052;0.0348917318313604;0;0.250455523693647;NA;0.060686472104087;0.348147465049294;0.0258198889747161;0.570902554934464;0.0920963534913219;0.0358246099973319;0.262834226824759;0.358629177189185;0.0916383976921056;0.347813991025682;0.0413927659450824;0.0292137688485668;0.0667175025780662;0.338604189343762;0.115765957082523;0;0.204417239407517
"108";NA;0.0230165571874228;0.0276026223736942;0.00668153104781061;0.92892026414696;0.0395284707521047;0;0.131067049362421;0.171746976129199;0.147650246319115;0.0591859458864703;0.0437117179451264;0.0103509833901353;0.0305699821642704;0.237935065171351;0.0274404116309539;0;0.0416547602035955;NA;0.0844622330309092;0.20016057810696;0.0189764879534347;0.777033110719195;0.137534223561274;0;0.164552860531105;0.369713518384218;0.123389219944019;0.106809643132683;0.0279126578072289;0.0497920710020383;0.103932065135453;0.320255503752972;0.104823431575335;0;0.100026770178501;NA;0.0549747416749021;0.168303077588991;0.0232538328182848;0.867456904682579;0.100369687027877;0.00544331053951817;0.127337405403184;0.218784521085626;0.14544949486181;0.23074757733169;0.0530548283836148;0.0676592771006148;0.0481509970667121;0.217255609824004;0.0833999733546454;0;0.0553105709540162;NA;0.0518335489039671;0.284292200276132;0.0350676634410493;0.709818949229341;0.217589129415433;0.00592348877759092;0.192160473177923;0.196110892197321;0.094511009025762;0.292530228928726;0.0341503873436692;0.0563584422990849;0.0928613198726353;0.272090824680881;0.0745468067681753;0;0.317929811561239;NA;0.0182114878979529;0.0245563652721017;0;0.942756925068967;0.0391706313257645;0;0.0892177056137114;0.152214254357076;0.188372203634659;0.0420177835844947;0.0453905442524948;0.0272712044648714;0.0256898131398903;0.185874725918677;0.0210288148804535;0;0.0382182746328625;NA;0.0415420076142749;0.0516806160562098;0.00768581355211053;0.83617574314119;0.0574419538235925;0;0.142358079450413;0.29003855410824;0.137840487520902;0.0948015916119128;0.0503573726370127;0;0.0424959665497301;0.38958487048141;0.0395117885522683;0;0.0550412196901459;NA;0.0623834224346401;0.20252730579964;0.0232391769901821;0.798676575966162;0.14932091583246;0.00351624743775538;0.159917758289752;0.28040171832562;0.131065027917544;0.185507297613473;0.0381054811720196;0.0476603960654517;0.0837073702715858;0.293530641311472;0.0801642724883137;0;0.185445969800191;NA;0.0739792840796292;0.172620163357937;0.01662387669448;0.798313155119736;0.120153431509524;0;0.152945129786947;0.354111651500477;0.133023143456906;0.098497737885045;0.032729574870827;0.0426785951986374;0.0907026491360858;0.3286335345031;0.0913858688093716;0;0.0885248957637935;NA;0.0453373852585308;0.220065975901369;0.0273502310115409;0.809005599549045;0.167861643047652;0.0048079145721943;0.160644794140426;0.188320557706597;0.134201978594635;0.234421214044468;0.0417929201400505;0.0503432508224781;0.0728712377471374;0.246739252855472;0.0639000606660171;0;0.238466746684221
"109";NA;0.0325960120260132;0.0196698948117361;0.00345032779671177;0.796414958243682;0.0757305687791862;0.00517549169506766;0.234203310130729;0.24935631419431;0.0587822859614794;0.107251928609588;0.0281894103723873;0.00597614304667197;0.0361050055888575;0.41561772729047;0.0293277862720501;0;0.22517189201226;NA;0.0428571428571429;0.0703344778576638;0.0103015750727543;0.745741652480869;0.0840310923991585;0.00260820265478651;0.121066687644219;0.376825263101566;0.198202809620592;0.344845425295072;0.137642937455187;0.0222539456105675;0.0749058365799455;0.283395351355784;0.05426064584093;0;0.0814578059467591;NA;0.0394405318873308;0.102704177851479;0;0.81615630311302;0.0694422221866655;0.0101835015443463;0.207863915597218;0.233412684919825;0.135919366074427;0.13832329280831;0.037810443393719;0.0146565621758588;0.0491407653055466;0.392965930103644;0.0668885197479663;0;0.136381816969859;NA;0.0729495539869887;0.40873707726258;0.028112436858063;0.576723380814649;0.174075910807542;0.0109681699421416;0.191616262305551;0.324898287534896;0.0934084910424658;0.325958518407849;0.0472996809313465;0.0463721461639379;0.14272675754145;0.349808397250505;0.0693928797697587;0;0.233035972354114;NA;0.0168747479663541;0.202844099355185;0;0.755673127778738;0.0702949040424579;0.00818545509070058;0.228541365575019;0.152335255770796;0.0250961300879963;0.244935297236833;0.0192836536082354;0;0.0171699554508524;0.398081664643441;0.00634042624948241;0;0.170397112297706;NA;0.0268611054750502;0.0959957804979871;0.0142313613392964;0.624256519815088;0.040094824313231;0;0.081701318748427;0.318481364834484;0.200821099299976;0.596077190368527;0.205278446278047;0;0.0328016671388606;0.219435409025474;0.0112508790092602;0;0.0526912830363513;NA;0.0499402628221585;0.24384462061931;0.0172629647004434;0.692305615083842;0.113466412940886;0.00743127718477887;0.166986757302571;0.320032647588317;0.151831275824212;0.357811896439779;0.112756065682777;0.028910567194754;0.0919658167080903;0.32528364966029;0.0532150429485864;0;0.157008729991464;NA;0.0374472809503536;0.0590635737754366;0.00864364759104401;0.716760886615875;0.0723775223886977;0.00218844054766204;0.106754633267779;0.385005100229939;0.201624152448497;0.412042152737052;0.152061189538898;0.018672412908658;0.0635175783434845;0.266747473388947;0.04580066756528;0;0.0717661698975391;NA;0.0592057150094711;0.328056240456496;0.0219485381380747;0.675372194093587;0.139399677170992;0.00990010203695484;0.203117178180778;0.269200284811476;0.0855646713966454;0.288756800889783;0.0392603835454393;0.0348830686575078;0.112406533835098;0.363531759005765;0.0571151111557187;0;0.202729867022336
"110";NA;0.071109405981541;0.237308820296415;0.0195180014589707;0.584247582874964;0.149592700993318;0.020629959721125;0.226798368600835;0.483578550274631;0.155647648476263;0.0555545634832056;0.0521559018255662;0.0291241186255359;0.0963932916061417;0.486539040669131;0.0713183673664051;0.00668153104781061;0.0818862451383451;NA;0.0766385633200095;0.175615535550049;0.0163715366073058;0.724853257492825;0.158569283554776;0.0129362644830535;0.195524760510758;0.397894116431943;0.125568096819118;0.0453257296544411;0.0376521855252777;0.0362530786869986;0.140422104196379;0.402590252694506;0.0904862149835035;0.0239045721866879;0.0671580529916752;NA;0.105969946822812;0.429323326315399;0.0291865011923638;0.397249804792158;0.245944889942623;0.0238824280668941;0.265804160712077;0.522174938757756;0.0812403840463596;0.0735854252879931;0.0238824280668941;0.0594418483337567;0.140896599859088;0.433435885301006;0.106144555520604;0;0.0794425019187532;NA;0.0882106539219044;0.292064354726124;0.0211609577287196;0.572572789256959;0.205044975403395;0.0185524612350499;0.217888400458359;0.504656677923813;0.138315441062899;0.0556573837051496;0.0455725664594493;0.0417054956921425;0.122954440693354;0.427307241568338;0.0740182189859675;0.0111943415709911;0.0687761494281174;NA;0.0619342061880784;0.186952998867615;0.0184853602267732;0.710571053998521;0.128044171607876;0.0192836536082354;0.18316956291158;0.421217029089091;0.16531782496023;0.0471641347995517;0.0459771992140799;0.0283552482003334;0.0825067887161693;0.425305092975093;0.06217713928701;0.00708881205008336;0.0626869064574575;NA;0.0440559674736828;0.15353774670239;0.0110617751377576;0.831510242089911;0.0982548138200799;0.0079555728417573;0.121297486242611;0.311082226909115;0.206936668597246;0.0561793391155496;0.0381535870205102;0.0071156806696482;0.0546565803188591;0.328870974917915;0.030328719452504;0;0.0470209577118015;NA;0.0775912237946422;0.23880298505597;0.0188077468954573;0.677296719149845;0.17132930672621;0.0163451576653294;0.199363414758773;0.435880192585712;0.145374794396316;0.0523431083813798;0.0407516443522582;0.0368943631175651;0.120060101035675;0.407970953019284;0.0778760336490979;0.0159289467097979;0.0660769941373611;NA;0.0647571354372498;0.14894584888604;0.0142500924242482;0.78311319968757;0.134085521974094;0.0108543121363826;0.167603687813193;0.360673327322864;0.15224690070391;0.044474367321627;0.0365541638743348;0.0304185363934861;0.118025745616592;0.364165976221761;0.0762256179219703;0.0200573889271438;0.0601164259943113;NA;0.0853807658279681;0.29094518121863;0.0214801352176616;0.590313237175215;0.19468432905516;0.0197534502800343;0.21765785584236;0.485562239942592;0.138484632820787;0.0566844768182528;0.0454595886749598;0.0404551085942566;0.118696106100111;0.432388457392183;0.0753969308383492;0.00912237650618882;0.0687447724234539
"111";NA;0.0701189465598754;0.232007286420882;0.0336296354567275;0.490586990490061;0.102846394941101;0.0422224832907551;0.288809131236729;0.484399480948171;0.106569896580333;0.0502967385101848;0.0295300492638229;0.0516685867538764;0.0866712453002999;0.569385111117164;0.117615191762516;0;0.0703731550548997;NA;0.065479435055718;0.230274693699393;0.0260931229221377;0.628308137309563;0.103117117442914;0.0429865107116087;0.229629814502767;0.441788756041322;0.145506518760962;0.0445335449019556;0.022511548723239;0.0253410012488458;0.100199671706982;0.492856775765982;0.0764036921748531;0;0.0470263380117527;NA;0.102559828970794;0.622009884404015;0.04;0.135044574259898;0.14047538337137;0.0895254981265942;0.340837747866005;0.257192822893929;0;0.0851143022320247;0;0.0816950064206747;0.161887020503212;0.543404903261729;0.172433562085034;0;0.0867947771086102;NA;0.0712110304691945;0.341807080383805;0.0248974504906762;0.568813565397707;0.108440760308293;0.0543972823538583;0.26441720407567;0.41132871479191;0.107099684980742;0.0488634398713067;0.0223513375227518;0.051054052637639;0.0913191178590207;0.510661601760024;0.107045068156087;0.00387783367164741;0.0505277081401026;NA;0.075310635319952;0.24670695492434;0.0304076160785072;0.528133149040635;0.101611801105743;0.0480438102693014;0.296450243833053;0.398955923813306;0.0998155753313428;0.0523165215344124;0.0025884681771634;0.0729837870066301;0.0862779583506264;0.560183626271224;0.145703399881466;0;0.0734869716914176;NA;0.0247348811598431;0.179462394542289;0.0156437124237383;0.821152324018209;0.0380428361714298;0.0299084397442008;0.1246090934095;0.331554324420892;0.151183795707041;0.0251577302713314;0.0365725681709124;0;0.0259827920984652;0.371909203564798;0.0174297868132238;0;0.0269395322272766;NA;0.0686264018328925;0.304187630593674;0.0265830192594457;0.603499911665001;0.102123276576056;0.0502953966110553;0.250356488090469;0.404849293564751;0.124287778325201;0.0489838215830869;0.0222047399330364;0.0471007780907799;0.0957038633297015;0.500285214921651;0.103201613509519;0.00209503541076236;0.0546005869170374;NA;0.0578775103261222;0.210084885022052;0.0229382386136703;0.676987455942779;0.0918637768022418;0.0392270275438056;0.208168927377698;0.426480549280654;0.146148883416983;0.039742387501773;0.026229458555678;0.0219672060020132;0.0882704178457691;0.468092368145732;0.0664944480983712;0;0.0434130155884226;NA;0.0781193652614307;0.379232014660069;0.0305898251344596;0.510578796417264;0.112591463821115;0.0590884681157212;0.284964573476857;0.392636806197709;0.0953810762126925;0.0562505457928008;0.0166828400490912;0.0612023163951439;0.102551814762341;0.531189925487519;0.12727086596738;0.00288474874331658;0.0633551073357161
"112";NA;0.0746420027292179;0.214378947971421;0.035523298860111;0.704350849397954;0.11692997497485;0.0494613846493259;0.224331016049731;0.334245774984873;0.165075740192192;0.125107096978092;0.106430169371194;0.045085896855204;0.102353263143832;0.393518923124597;0.119672171248911;0.00597614304667197;0.151116873722988;NA;0.104766653950268;0.257975689379212;0.0408644455807412;0.603235075765911;0.162261525288642;0.0489369186450526;0.260559517454117;0.338420087080844;0.165515767392909;0.0712259725000372;0.00728522022021009;0.062151292597347;0.141480841384848;0.502731696410771;0.146444374055669;0.0148781458287305;0.076034398619722;NA;0.088610675721675;0.413127188737408;0.0540233145828588;0.488057373676497;0.136055544213057;0.0821020142307163;0.293938769133981;0.310876895964374;0.0840634680861233;0.12930011028038;0.0227710017021324;0.0573488351136175;0.120646407139026;0.430873359413009;0.141526074027473;0;0.264351057273243;NA;0.0892744353778285;0.345444152490033;0.0563880812400235;0.528157845826988;0.143479845850954;0.0741197297339892;0.277869324931122;0.278466981254731;0.0871722289134237;0.14472628502548;0.0831501746572459;0.0671411685029126;0.1211060141639;0.367269952548684;0.177049993175776;0.0147380355167811;0.327819050684437;NA;0.0891613635142408;0.301587091682232;0.0401421260617461;0.584916492486389;0.133337520872265;0.0690931932011661;0.243419250108292;0.344397612132955;0.136454261546268;0.0932926448758941;0.0117197881310135;0.0813413511713769;0.103328200012983;0.46269547455919;0.144282432872165;0;0.113480050859385;NA;0.0459774297958565;0.169834866433663;0.0222187057695976;0.757613953774339;0.0718942026265541;0.0331853254132728;0.136177471695829;0.314669473634051;0.221111499833568;0.0303982011459789;0.0166877503773944;0.0191595565604984;0.057552031127666;0.418425822310683;0.0646640131692746;0.0123247204502664;0.0550412196901459;NA;0.0916088728900514;0.29638275091971;0.0452101320939902;0.593469137028723;0.14269514624508;0.061459656501557;0.25439434647115;0.319368271429854;0.146313260532223;0.102560622651587;0.0463937598431185;0.0632378304420953;0.121404077110079;0.446090602228769;0.148639741972909;0.0128293010172404;0.201071610203411;NA;0.0931053872699434;0.226847644939502;0.0365281613189477;0.64709570135748;0.143860570508248;0.0435861984003832;0.233129559960752;0.345731003827107;0.181445936127614;0.0631069073226126;0.0102047171955602;0.0541602560309064;0.125657395412677;0.4872336130379;0.129336694465568;0.0141936554141137;0.0726957463187958;NA;0.0888775227746243;0.347421650234003;0.0515322323041665;0.534215347879776;0.139180615184329;0.073898131831044;0.269910346239144;0.302186514892225;0.101226870613775;0.128956120438749;0.0630698707717704;0.0694872575685736;0.11515733272627;0.40552928263611;0.164087299025064;0.0109637320823839;0.268782635988923
"114";NA;0.114772030772393;0.269650346789708;0.0322748612183951;0.608317840637684;0.202249256870728;0.0350594732799377;0.250535141532794;0.35265574067151;0.134252782182752;0.162119517934264;0.0388066022855954;0.0991331475964571;0.15959397888153;0.42552838302739;0.148964681016932;0.0945226100439668;0.115547351662383;NA;0.115169440391104;0.302815675507945;0.0327414110874898;0.659886858989226;0.163625588870853;0.0178512371186612;0.286358749357049;0.346290821901669;0.105343881328406;0.0957914401186244;0.10299514551667;0.052459508194416;0.10655202172335;0.390503947910048;0.13396516960265;0.0354776925217335;0.113125299262956;NA;0.131965203045404;0.538103666179255;0.0529150262212918;0.274442195222452;0.233840718185438;0.0466666666666667;0.254703894893804;0.421979462375441;0.0339934634239519;0.101031714859283;0.00272165526975909;0.0972206349076771;0.210853644168791;0.303900568534439;0.187813934717513;0.082192186706253;0.185272571974175;NA;0.109231384707783;0.390501252328562;0.0390787821120584;0.538440459712094;0.203929648622513;0.0364690505193256;0.244248801483033;0.316811073787707;0.123942477293005;0.132251248191794;0.0345153822572523;0.0574448993193582;0.168882513180451;0.331725445352633;0.129525836634587;0.0622604012239568;0.0896945526883037;NA;0.110245652307002;0.318676071993131;0.0373314189506777;0.587679193243094;0.207457287081339;0.0397226565984223;0.226952721262474;0.354341345237503;0.114713246742582;0.105905997951061;0.0344373292843857;0.106032452919032;0.204480794476847;0.423940199948446;0.162270324740716;0.0994288547275327;0.122426609472237;NA;0.0863219369178481;0.221616615014833;0.0140823377422543;0.631026221980517;0.141017998671684;0.0211484605578336;0.219771649807412;0.366808564794705;0.121297486242611;0.0893955322230065;0.30748057466687;0.0656354848967929;0.0892301816453138;0.410289596191051;0.124439672401974;0.088827334524063;0.142964396146036;NA;0.11074160782517;0.345041060358522;0.0355486104328102;0.593043624652302;0.185807546790878;0.0306795464096397;0.25607290628517;0.347772452923382;0.111399625417727;0.108798148132388;0.124585237815246;0.0691821713991847;0.150644705052962;0.375970842053043;0.14018154014538;0.0666555546294753;0.118352893532044;NA;0.105418542088917;0.260194964365483;0.0280549073554949;0.670439398293493;0.151164512173253;0.0169938516421913;0.264721244423532;0.359619911386575;0.112014438618996;0.0922498469556358;0.172369396954225;0.0502660567002413;0.0974767314127398;0.391316664935811;0.124615905234821;0.0512687772270352;0.119170735582547;NA;0.112886721663258;0.41233971514303;0.0414150981646435;0.522314809339615;0.209154783670208;0.0391542582719036;0.242753506483114;0.338987641897494;0.110978499998236;0.119700659162663;0.0316154658221151;0.0816326695726818;0.18462892774868;0.35385336690564;0.151289724287502;0.0763959319523147;0.114412204619441
"115";NA;0.134308192141025;0.236467051968486;0.0532849482901665;0.449947086836198;0.207780218133534;0.0520130478135741;0.291690475218738;0.386944686584776;0.0320434972230828;0.186899833116693;0.0186605006823045;0.0549079315980938;0.156305942366398;0.449069805794367;0.138658539139104;0.0261064669966585;0.236574009360204;NA;0.106385708979846;0.241736917568149;0.0381155327169479;0.557692742112545;0.18722528580003;0.0125184513786537;0.223356769828297;0.497376547167684;0.15616222647054;0.0612752510439128;0.027645800799806;0.0541768554223606;0.166106959992639;0.444710581845825;0.134999226906133;0.0563843129908052;0.0729240637591221;NA;0.141027972008708;0.279337841384997;0.0645210272931466;0.286847488190992;0.259029527846337;0.0673300329224139;0.318921794663066;0.275465935246958;0.099666109251507;0.211642605806564;0.0243432247780074;0.0736357401145817;0.148473716342134;0.411888154541803;0.168808460381274;0.0156347191994114;0.31733846867927;NA;0.127850947050282;0.304480603259172;0.0665663405501278;0.408773865990875;0.217957404651167;0.0698727809220762;0.312982793305954;0.238643479082511;0.0608626375671403;0.210600446430578;0.0396096239033446;0.0752273080049671;0.147068258579832;0.421468570663114;0.175994607648843;0.0224631881171016;0.266719919494786;NA;0.132455232473901;0.206413093477931;0.0441180083408861;0.506768260994864;0.195613538939449;0.042963893531705;0.253041796456176;0.404107884827263;0.0630864446413605;0.1683201066167;0.0183945225260531;0.066423341541265;0.165084618675645;0.436212570927496;0.134039170254367;0.0257549331762785;0.213332809882105;NA;0.0873423836583498;0.190114333798406;0.0359324260314598;0.683661030821043;0.17211761261951;0.0225953208254884;0.183806447456509;0.395384766934755;0.131672141102877;0.0715117056895786;0.00895370182501674;0.064435228983664;0.132677713001944;0.317698740084812;0.150133555170673;0.0374841738756404;0.0974787654037604;NA;0.11773778709843;0.254543327980391;0.0504761839132054;0.513821150145163;0.201833572145218;0.0459565435578839;0.259973215080026;0.396424855653241;0.1164924435675;0.148507713697013;0.0290587676880338;0.065108401676233;0.156057776818014;0.421309655895132;0.151898945044796;0.040444330282007;0.192697206244345;NA;0.100729164072807;0.220746437372933;0.0355716834684288;0.583877663205384;0.183744495591179;0.0112067024326758;0.213343808760751;0.484826419684196;0.151308426232362;0.0587644262319328;0.0242547075928671;0.0590449645404468;0.160261236217014;0.427932862101613;0.139152975244362;0.0550388308284368;0.0699655925150165;NA;0.131901699202198;0.281007697289949;0.0616163843933173;0.425936731142857;0.219323129716974;0.0630552084745197;0.298674835599268;0.294157942359486;0.068932820217876;0.199203220994889;0.0322094394379086;0.0737540990656622;0.15277068168841;0.423250526118343;0.16620926602015;0.0225716099877422;0.258197099179997
"116";NA;0.116764414833581;0.255295114011403;0.0264462617756227;0.46918115092249;0.298702551521935;0.0658054491881724;0.229102804954665;0.470862304207726;0.103250735037162;0.062464275504369;0.0300792603759119;0.0733143914930759;0.261366600773703;0.461818996701398;0.123743686707646;0.0845154254728517;0.0884220129885787;NA;0.103856281310425;0.179419602345576;0.0252921275268852;0.642709222361614;0.21811064700115;0.0855373284223255;0.245365521051761;0.391678042715944;0.146006572027236;0.0646516280707838;0.0137413486533565;0.0529902258288975;0.176870678729459;0.4430451639969;0.0922563795260939;0.0537364342636647;0.0610547413282875;NA;0.179588005868576;0.489587884139606;0.0442216638714053;0.0757187779440037;0.44222501394987;0.0684213525259585;0.282646225676001;0.236784008469041;0;0.0871354841186562;0;0.114503760248784;0.415995014215137;0.384871310863678;0.174992063312089;0.0644635986860457;0.0866239210824799;NA;0.153467305534447;0.399724215705721;0.0309957282744169;0.240793730646092;0.427207520608147;0.0618430384401411;0.239903907245754;0.384790192265203;0.0359847735366345;0.0804436320964075;0.0233387032846913;0.0795979874054457;0.36508888150032;0.411653551687024;0.140764115955922;0.0666039805534467;0.109422422288955;NA;0.0994962184579755;0.236211017717469;0.024760156030065;0.672496287187823;0.267703178211972;0.0413750262515921;0.185441661217869;0.362505703761515;0.145726390556147;0.0520275664594433;0.0111334226016742;0.0655603344556474;0.223756567892524;0.344003427975597;0.129656161704744;0.0750209351015941;0.0722688077216875;NA;0.108382818947645;0.249031880764554;0.00941316073041935;0.39801723771589;0.300365459536712;0.0730585569431537;0.226233142132527;0.492582105645026;0.121922019762443;0.0681584156231141;0.0079555728417573;0.0518029372120681;0.238994023900004;0.497177688566612;0.0632455532033676;0.0609004167431855;0.0496400546040901;NA;0.126277258229445;0.299793777022095;0.0275180618906329;0.507881394696288;0.324817942677239;0.0713533988240221;0.236458943054962;0.391372753384227;0.115159664096077;0.0701037528081015;0.0159894048191882;0.0686543233804072;0.276176898173055;0.423986782599229;0.118088830966464;0.0625409532249849;0.0802843740453333;NA;0.100705725058162;0.181276556128198;0.0225184846953454;0.626090738505453;0.224125622403071;0.0805786438643981;0.233487740628083;0.409452754385234;0.144352286525424;0.0632828684188409;0.0208642358155336;0.0547118816214278;0.181331243391833;0.44555829107535;0.0886313944340272;0.0538683037176799;0.0565785572852112;NA;0.145055667092705;0.379229576456969;0.0313806215988128;0.39714072846561;0.393361463375816;0.0582214434475402;0.232265570894663;0.362789572195706;0.0811042604512115;0.0749849730669618;0.0183206150984809;0.0811099605784598;0.342659636439357;0.386802628861211;0.14420858679307;0.0692139339630852;0.0968195102662285
"117";NA;0.0743623688754057;0.220186609168548;0.0297809462896121;0.651196243554159;0.10555973258235;0.0547722557505166;0.224125283841745;0.319644519814776;0.12935278449706;0.164787019830938;0.0189768028819147;0.0372011904571422;0.0642029891011611;0.392561035594042;0.0786228186918252;0;0.11844729589468;NA;0.100629184343397;0.315173996798158;0.0449413380517059;0.48344452233958;0.14263418310722;0.0781609795519692;0.296337494396408;0.376462303395323;0.159832259212002;0.249670394159822;0.0663998605861832;0.0333530513671982;0.0912402670140017;0.528518702042739;0.0883332402961811;0.00595843591724218;0.065099933294316;NA;0.0420757693972477;0.241108550933668;0.0209054308024742;0.644066939240187;0.0782682945126948;0.0379082713538488;0.14996295838936;0.384119965828578;0.210361241325135;0.113985054250953;0.0090267093384844;0;0.07693190832495;0.430959308898098;0.0318561581929588;0;0.0623609564462324;NA;0.0890777025564301;0.267754672686017;0.0323669437485075;0.359073810895258;0.127425506929371;0.0622604012239568;0.2324365149894;0.357436804680235;0.0876119644080376;0.114459975748969;0.0133708744681656;0.0418255117551951;0.110539045294728;0.386510209466349;0.0979659463791282;0;0.101402034487293;NA;0.0558773483350044;0.132151377592763;0.0197979746185052;0.667152251965908;0.0767427340937297;0.0388701398530325;0.185622227629896;0.423117567245668;0.103651910705808;0.167372041676644;0.022416791983111;0.0295130780425287;0.0422166383800736;0.384367914201142;0.0715934923069375;0;0.0791707439662373;NA;0.0682821152087717;0.129751466419361;0.0157779956800389;0.20959072031508;0.0895841306018884;0.0611079145053231;0.27169572208786;0.384581530480206;0.0784878178620263;0.176666268608739;0.0456551003246517;0.0487826489178585;0.0618286730419357;0.527653031374773;0.101507622710585;0.0150946381627988;0.0614521871703268;NA;0.0850736961433153;0.258011403913181;0.0343232999818035;0.473791109276729;0.120831882778713;0.0647615280441681;0.252819036063971;0.379179322983385;0.131023970197809;0.189149280352641;0.0449623877311784;0.0365350129695453;0.0883290113559171;0.463727806219197;0.08806721266983;0.00630822181686634;0.0790262526767821;NA;0.0923446600074095;0.289281969661115;0.0402047897740176;0.439871522744698;0.133086728469393;0.0740022195776279;0.287284470777239;0.375427614487542;0.146913494544331;0.248648520921645;0.0636490984183484;0.032258017765277;0.0856010293856567;0.522082415246078;0.0832376262002884;0.00884651736929383;0.0663033578765094;NA;0.0795677178828197;0.242648737100101;0.0281827468755565;0.499688298588878;0.110686505694076;0.0560446951945897;0.216505683642412;0.381076898281788;0.11400334974923;0.131279841069716;0.0157417907481746;0.046664024758452;0.0925170699347485;0.39919243491387;0.0995412501004848;0;0.0919406027479533
"118";NA;0.0972386607417911;0.195804202493935;0.023528098702858;0.428049285101833;0.156923548264752;0.0327326835353989;0.247769814449583;0.402584655397973;0;0.328003520596669;0;0.0306186217847897;0.0822850735755479;0.471396102777999;0.0881860857181319;0.0313391585264004;0.415828919720828;NA;0.12433650338879;0.301525815189197;0.029615107113807;0.587839736284947;0.21342207227369;0.0258453398325213;0.289137100671772;0.346081663889046;0.112925359207473;0.0952659863357916;0.0325145999674818;0.0924144681586672;0.141746409857285;0.451024110433111;0.191509454433481;0.0316539474092533;0.0684764220832841;NA;0.125107361301611;0.308472941366914;0.0450514109615851;0.260952670605795;0.213576250587032;0.0315054375083507;0.295997997991228;0.285683067077513;0;0.429133493863571;0;0.0798609903380729;0.163004203535892;0.57717062115628;0.142387057256178;0.0773160900316213;0.163548610963677;NA;0.122621055048415;0.254296414970142;0.0405682279556962;0.359956833947856;0.205443872209023;0.0351152773984048;0.264906471413009;0.365249025268353;0.0654398395334377;0.426095325484018;0.178759299668703;0.0466953009179676;0.141036857432917;0.496408151254166;0.0936764191892155;0.0505442393717375;0.210294776601794;NA;0.0897418594638728;0.253141071361504;0.0219638808114938;0.413499183239052;0.156232871758012;0.0318076294799271;0.250533768540749;0.377353030838162;0.00754661671118884;0.300407317011259;0.0112828712028262;0.0462677373294604;0.0897418594638728;0.479279190778786;0.0989221645530768;0.0335503821245529;0.429373740516611;NA;0.0757522054099587;0.141047916567146;0.0190491259199008;0.715703896531623;0.134132625343108;0.020541200750444;0.222916987065506;0.380794195608708;0.166345682468615;0.136208452806842;0.0499366687522901;0.0526512288435339;0.102849691646256;0.404703360656398;0.11484717418257;0.0299788955302758;0.0933890731688765;NA;0.114476583779606;0.26647161867048;0.0325453408947017;0.507846562142959;0.19533870464101;0.0295881830262919;0.269979119801812;0.356856550854117;0.0961963929071759;0.29050900197066;0.100497411887664;0.0699404947627908;0.132450405061788;0.473507947628863;0.143521353034011;0.0425887891577797;0.211285615690446;NA;0.111983390678025;0.263385505954188;0.0267196771704777;0.635202259343403;0.192254755413896;0.0236757318743845;0.26782430828087;0.358129352188814;0.132095070209167;0.0852736012601585;0.0366993232638834;0.0841059217781222;0.131813577080472;0.436536824816795;0.172767267450648;0.0323243332195689;0.0647604960789202;NA;0.116017279947502;0.266063233109998;0.0378086771822656;0.360824299011696;0.195667356208731;0.0336965875015025;0.267667447083852;0.357544665324859;0.0488423544626903;0.393789043078209;0.133112392070733;0.0526680653149723;0.131722820823344;0.50569937107595;0.104971211076549;0.0508912704248517;0.283551220237864
"119";NA;0.0743223352957206;0.201334831277934;0.0107736450921417;0.638704511007205;0.111963004093827;0.0189768028819147;0.198708628518288;0.471528669026906;0.110504794121384;0.0659184199995577;0.0247607600468006;0.0618177043526252;0.074462358659546;0.466636903812804;0.104795719650866;0.105573828827666;0.0682912181483862;NA;0.075056006453459;0.214238393319159;0.0220659758328305;0.748866565111925;0.123421383615137;0.0154205036253505;0.188381567579046;0.377847293882981;0.123341079690169;0.0533916878210395;0.0357311657611743;0.0707957000065659;0.0897823112376925;0.369575414849455;0.136055024046503;0.0437615620148409;0.0632007775848677;NA;0.0381031737766272;0.0740870359029762;0;0.757647430952966;0.0531245915016974;0.0118634202800348;0.123678196527506;0.433786088262833;0.116872833709375;0.052844986447085;0.0549747416749021;0.0163299316185545;0.0446384653924459;0.43357258352574;0.0436314531468264;0.00942809041582063;0.032659863237109;NA;0.0609038026970188;0.213124114199841;0.0121944698971918;0.682006475101374;0.0867302639223092;0.0129905820264837;0.159232704876928;0.44714820861526;0.0866338862239964;0.213851969819833;0.0968941235470184;0.0672406369552324;0.0461735493363078;0.393000581393683;0.134971143919335;0.0160408834395263;0.101960727610867;NA;0.066145365523478;0.180590878304064;0.0091516170047891;0.655575239367963;0.0979180254013145;0.016973720943861;0.173803639756565;0.485622431245348;0.0699844443112978;0.066675041350032;0.0253617049979297;0.0541726256224873;0.0588556420376585;0.466836532855678;0.0850263531913396;0.107725067265019;0.0638780244689068;NA;0.0634121206585421;0.247015946119134;0.00985121380856743;0.677542095473957;0.112245962591727;0.0224078045475533;0.171798626107689;0.462281993322486;0.05249070643079;0.0505664120273177;0;0.0765555974026125;0.0667825996185709;0.432020080795986;0.114257832644747;0.0565536226628049;0.0308801958849081;NA;0.066158802369461;0.207217729657067;0.0157574345910188;0.70721989495013;0.104491607743501;0.0157734401152984;0.171921206770342;0.431227437907936;0.099278243177993;0.126489111514863;0.0599478282722542;0.065680313704926;0.0688428564535444;0.404868803963595;0.122106169908609;0.053826573597373;0.073250475062598;NA;0.0708567268777107;0.218884072089826;0.0192391850936068;0.743273076576903;0.117868958067189;0.0170135361848993;0.180527048191104;0.393011312919492;0.109415538017491;0.0516007013052062;0.0341897054041534;0.0705142839862377;0.082723436333423;0.379276589332021;0.127713117743527;0.0461421426386107;0.0554993832678931;NA;0.0594472924742942;0.188864774144416;0.0113368953636506;0.693487304643236;0.0867558842322153;0.014262579510557;0.158719447935747;0.451461898264777;0.0919607144407998;0.164214038918422;0.0776742370496696;0.0579827321370328;0.0497891996450485;0.415724223110704;0.111701007685212;0.0579348718464696;0.0840711672635068
"120";NA;0.0675903275695005;0.188974362080705;0.0285565437417799;0.327663081896779;0.128602840078244;0.0258774584753383;0.216086677934926;0.364021846544826;0.054198708471697;0.415879017435188;0.0250594531160636;0.0360637662771824;0.222539456105675;0.623438525628706;0.0690927602850655;0.00597614304667197;0.184971040204367;NA;0.0816496580927726;0.290584983345547;0.0194072259724956;0.575265544070063;0.149824919695222;0.0169915835271806;0.218537251249591;0.438314296563754;0.156294022669806;0.0899110087882031;0.0400622874614071;0.0347658081643852;0.119018294100985;0.50385651834239;0.081504874819992;0.0292064782660185;0.0631313258569939;NA;0.0700264500292832;0.201476034784767;0.0182574185835055;0.292118697336089;0.13352763620176;0.0305505046330389;0.200554786086551;0.289904198735452;0.0705533682950557;0.492694781937203;0.0450514109615851;0.0105409255338946;0.0872204529190683;0.672022927298478;0.0420757693972477;0.0115470053837925;0.121716123890037;NA;0.0628081376526042;0.286758742571352;0.0326496298471548;0.349081621227802;0.135230858643619;0.0282901779555241;0.20272166513998;0.376631510768717;0.0978720969859186;0.487869560884629;0.0240786791645453;0.00837707816583391;0.0691154277704314;0.538258896752452;0.0310226693731793;0.0277836251155497;0.210679768635436;NA;0.0728919256901666;0.166961213762875;0.0280583264244688;0.344203009709092;0.12455616346029;0.0193703221510254;0.216109966424364;0.397074730634603;0.0855761829136884;0.421471459241043;0.0342422153668952;0.0424540346566315;0.238504553647415;0.574447516966297;0.085242780681366;0.0722224369708614;0.199404473504486;NA;0.0590001072730198;0.185520137772123;0.00963467717255795;0.617371589340564;0.139165687608674;0.0134697661136383;0.170838092966524;0.498051053929891;0.139317201739132;0.0935696225363947;0.0447213595499958;0.0174297868132238;0.110312176894974;0.485919894077116;0.0436228562395665;0.0229657606087313;0.0537222109501004;NA;0.0718846509603525;0.257928761385632;0.0245429502399389;0.476664589701302;0.139592295047128;0.0219339840511793;0.207218766244631;0.415154743405417;0.124954581832216;0.34155280859683;0.0361907345674574;0.027920920660065;0.130223930091905;0.535258094095775;0.0645858373625769;0.0371545618051901;0.147577392890947;NA;0.0761255134307401;0.266740610238773;0.0176274306331442;0.604506087171676;0.147210718600908;0.0164121987972444;0.208464460897851;0.449263198846091;0.158203599922312;0.0839443687608469;0.0406536302526312;0.0310935840136027;0.116047625857022;0.481770623951828;0.0733189018989058;0.0275328305493053;0.0599021167260689;NA;0.0663213432710606;0.242143303779845;0.0296691573806264;0.333847961497759;0.130321981147566;0.0258198889747161;0.205087850328313;0.37410518916026;0.0891268582202818;0.467483599065555;0.0299637629813388;0.0234555283951936;0.139442785175477;0.578367943075547;0.0528170806931336;0.0438654691128462;0.195712244067763
"121";NA;0.068617296167463;0.143790108276248;0.0178452341243364;0.692886904122716;0.108808481812245;0.0531171212645092;0.187448405599794;0.33780629839909;0.163917807510495;0.0569826623590352;0.0321362427056757;0.0480575052361627;0.0967169409496944;0.417058149422835;0.160403137957668;0.0263899331455874;0.0945383520059452;NA;0.0840181832588056;0.0984792502492723;0.0207788000178963;0.712093693148256;0.143503225932445;0.0335361285185171;0.221003438174702;0.389418774107383;0.124599094632353;0.0468845681398346;0.0284784764699105;0.0580636812139524;0.116093454977935;0.444267954896627;0.120519435707284;0.0188236741541448;0.0307602702478666;NA;0.0827759134763963;0.191659420152867;0.0250924217569694;0.628342911804386;0.151974656756633;0.0695488104645726;0.200554786086551;0.423862311675925;0.129185482500507;0.0495909191209364;0.00471404520791032;0.0402768199119819;0.120277457017791;0.402556644277364;0.121807376775945;0.0144016459964619;0.0290593262902712;NA;0.0742998508494957;0.199824484389185;0.0276328718319481;0.743411045984361;0.115960987880013;0.0550537065950875;0.176501790941378;0.34704143998857;0.167641260774663;0.0549473812244517;0.0272370085837538;0.0620991741914078;0.104565776766798;0.381869822588155;0.141704624135041;0.0220502956634853;0.0743110939230033;NA;0.069190098148088;0.148018741173858;0.01441198087113;0.546056365624338;0.0998659067449109;0.0572396882376882;0.188372203634659;0.304367977942243;0.119784843407744;0.0522203808316672;0.0402671148210721;0.0532369313002859;0.0866653781633376;0.40351470927714;0.175653839573133;0.0272712044648714;0.0947181307253643;NA;0.0310165329535023;0;0;0.684213182659392;0.0320205630134169;0.0145248223443532;0.0730007802975464;0.266196843508091;0.1461459879334;0.00821648030017761;0.035578403348241;0.0402523684341302;0.0366302081880343;0.266838025111807;0.0523699917295704;0;0.00846935403710975;NA;0.0744444322325525;0.145998836586914;0.0215045290979161;0.690747107144484;0.121875782791439;0.0462803987323333;0.189635725523167;0.354740669451068;0.140564818983229;0.0480447345135977;0.0301281830328689;0.0557274382471383;0.103020175707709;0.399465769904605;0.131018816548012;0.0199533082855093;0.0590632155119221;NA;0.0736592521390587;0.0877378578376045;0.0181649753637689;0.721941559407419;0.124211800681624;0.0297981020859867;0.191482909591704;0.357227310841923;0.129211170939384;0.0405114013726215;0.0298626002179129;0.0535152021754274;0.101418510567422;0.396388215167425;0.1068279804743;0.0161164592805076;0.0303894870559035;NA;0.0724831990672185;0.182523534097131;0.0238076744542987;0.679768392201729;0.115077010938771;0.0567252423588101;0.180700849586123;0.345500099857275;0.15438422566914;0.0528083267226263;0.0293558523236775;0.0558463647753574;0.100993676076721;0.390368319504621;0.146618535371455;0.0223658480819605;0.0767340755736183
